Id Initial,Id Anonym
684,0
927,1
917,2
537,3
992,4
121,5
131,6
101,7
1266,8
272,9
707,10
75,11
8,12
141,13
1212,14
313,15
1091,16
438,17
422,18
881,19
162,20
712,21
78,22
251,23
777,24
856,25
503,26
470,27
373,28
1337,29
642,30
578,31
420,32
690,33
36,34
38,35
95,36
807,37
51,38
799,39
588,40
486,41
153,42
123,43
1102,44
787,45
201,46
638,47
557,48
574,49
821,50
910,51
63,52
919,53
565,54
270,55
855,56
98,57
1246,58
406,59
30,60
1035,61
1160,62
983,63
92,64
311,65
277,66
742,67
307,68
901,69
491,70
265,71
155,72
10,73
468,74
1149,75
1319,76
816,77
1223,78
1227,79
437,80
835,81
39,82
368,83
819,84
1288,85
245,86
693,87
1278,88
32,89
1026,90
991,91
139,92
585,93
1088,94
657,95
1045,96
86,97
985,98
49,99
691,100
1012,101
455,102
417,103
370,104
43,105
571,106
85,107
981,108
308,109
349,110
374,111
1311,112
746,113
1283,114
679,115
1130,116
249,117
324,118
1038,119
522,120
1081,121
450,122
813,123
857,124
44,125
718,126
959,127
554,128
448,129
1157,130
1248,131
699,132
195,133
1108,134
61,135
405,136
635,137
761,138
913,139
737,140
1228,141
826,142
692,143
735,144
1179,145
1275,146
572,147
122,148
958,149
192,150
808,151
499,152
1058,153
722,154
869,155
650,156
427,157
968,158
1324,159
729,160
896,161
998,162
754,163
304,164
377,165
1195,166
929,167
158,168
867,169
77,170
934,171
352,172
720,173
94,174
415,175
937,176
494,177
748,178
796,179
316,180
1008,181
516,182
749,183
474,184
847,185
1004,186
1268,187
1109,188
592,189
137,190
102,191
607,192
1054,193
1121,194
961,195
602,196
134,197
46,198
1129,199
564,200
568,201
830,202
918,203
1036,204
217,205
977,206
66,207
178,208
645,209
1277,210
347,211
846,212
1039,213
320,214
84,215
1152,216
1230,217
58,218
731,219
740,220
1143,221
741,222
289,223
199,224
330,225
686,226
211,227
433,228
1112,229
246,230
810,231
604,232
337,233
1142,234
912,235
466,236
125,237
1241,238
62,239
151,240
239,241
472,242
621,243
328,244
1176,245
140,246
343,247
262,248
309,249
644,250
506,251
540,252
133,253
485,254
186,255
325,256
165,257
299,258
931,259
402,260
128,261
1336,262
200,263
392,264
854,265
1174,266
1021,267
1009,268
386,269
1217,270
89,271
1255,272
844,273
281,274
551,275
1206,276
174,277
1140,278
361,279
332,280
1299,281
463,282
595,283
726,284
1032,285
1295,286
1171,287
1104,288
792,289
1083,290
1309,291
967,292
235,293
633,294
238,295
409,296
966,297
1153,298
1270,299
1207,300
601,301
3,302
171,303
1105,304
971,305
776,306
91,307
106,308
274,309
355,310
341,311
1175,312
508,313
322,314
827,315
1262,316
1260,317
267,318
685,319
1187,320
220,321
995,322
1249,323
1314,324
286,325
164,326
132,327
269,328
1303,329
783,330
683,331
631,332
723,333
517,334
862,335
1320,336
999,337
268,338
1060,339
524,340
1057,341
292,342
984,343
646,344
225,345
1016,346
1210,347
1256,348
980,349
381,350
135,351
798,352
1114,353
196,354
581,355
396,356
521,357
400,358
351,359
167,360
1312,361
16,362
781,363
782,364
1085,365
789,366
626,367
997,368
452,369
1292,370
329,371
589,372
1181,373
715,374
80,375
1261,376
609,377
893,378
57,379
70,380
1118,381
577,382
1094,383
408,384
15,385
822,386
1044,387
1290,388
418,389
900,390
227,391
6,392
1033,393
1177,394
824,395
398,396
946,397
695,398
851,399
1151,400
5,401
504,402
1300,403
1150,404
786,405
212,406
105,407
805,408
1095,409
1000,410
803,411
127,412
576,413
24,414
1254,415
160,416
256,417
682,418
1170,419
447,420
356,421
809,422
1308,423
768,424
875,425
758,426
762,427
439,428
1137,429
600,430
583,431
248,432
1301,433
1100,434
843,435
429,436
263,437
752,438
661,439
1051,440
208,441
9,442
260,443
597,444
335,445
1110,446
556,447
1082,448
643,449
986,450
892,451
278,452
1103,453
932,454
936,455
750,456
253,457
704,458
675,459
721,460
1124,461
228,462
1071,463
48,464
764,465
250,466
1221,467
214,468
232,469
226,470
255,471
765,472
372,473
1213,474
1302,475
390,476
818,477
972,478
876,479
126,480
87,481
880,482
603,483
1133,484
559,485
596,486
22,487
298,488
113,489
1282,490
136,491
20,492
416,493
1075,494
0,495
1007,496
969,497
1191,498
484,499
188,500
375,501
142,502
914,503
1001,504
1234,505
371,506
1141,507
1018,508
17,509
4,510
206,511
873,512
172,513
305,514
907,515
273,516
542,517
1093,518
532,519
109,520
535,521
1061,522
1162,523
744,524
834,525
1267,526
593,527
956,528
745,529
338,530
702,531
1315,532
497,533
976,534
1291,535
916,536
820,537
187,538
471,539
294,540
483,541
403,542
130,543
114,544
930,545
655,546
288,547
751,548
996,549
536,550
1163,551
877,552
434,553
284,554
975,555
575,556
1317,557
1023,558
569,559
176,560
727,561
933,562
697,563
840,564
464,565
183,566
612,567
711,568
779,569
42,570
1005,571
271,572
340,573
493,574
362,575
1245,576
1169,577
772,578
216,579
45,580
444,581
159,582
1099,583
318,584
1322,585
938,586
1193,587
899,588
791,589
353,590
1087,591
1285,592
1222,593
181,594
1011,595
67,596
894,597
1148,598
610,599
161,600
724,601
974,602
1127,603
706,604
1293,605
1063,606
1055,607
763,608
1013,609
501,610
1296,611
756,612
688,613
815,614
1326,615
874,616
842,617
641,618
451,619
608,620
1146,621
1205,622
1132,623
659,624
81,625
628,626
391,627
1297,628
1031,629
475,630
419,631
549,632
905,633
1252,634
717,635
258,636
1192,637
1200,638
800,639
1090,640
1046,641
179,642
898,643
1015,644
1334,645
243,646
1120,647
1145,648
175,649
276,650
531,651
1006,652
534,653
407,654
469,655
379,656
348,657
354,658
376,659
1164,660
1259,661
431,662
1050,663
1086,664
1135,665
310,666
198,667
90,668
442,669
738,670
108,671
35,672
788,673
832,674
365,675
189,676
411,677
1027,678
1002,679
69,680
100,681
301,682
962,683
237,684
495,685
79,686
885,687
841,688
1237,689
34,690
769,691
1247,692
384,693
858,694
1318,695
25,696
514,697
960,698
231,699
1209,700
118,701
771,702
60,703
465,704
297,705
205,706
831,707
259,708
393,709
334,710
378,711
115,712
209,713
119,714
902,715
306,716
244,717
224,718
1167,719
53,720
336,721
436,722
492,723
615,724
866,725
279,726
1204,727
544,728
510,729
784,730
350,731
705,732
943,733
223,734
257,735
823,736
760,737
55,738
230,739
941,740
364,741
12,742
1096,743
698,744
945,745
110,746
1307,747
1019,748
689,749
630,750
219,751
890,752
759,753
860,754
1139,755
116,756
736,757
528,758
96,759
523,760
947,761
1097,762
553,763
1265,764
632,765
380,766
817,767
1271,768
252,769
859,770
573,771
766,772
839,773
203,774
247,775
649,776
953,777
74,778
385,779
1178,780
797,781
72,782
52,783
1294,784
152,785
1070,786
1250,787
88,788
83,789
138,790
836,791
461,792
229,793
1214,794
1041,795
1155,796
1049,797
505,798
1226,799
104,800
700,801
728,802
940,803
950,804
617,805
1257,806
1113,807
1201,808
210,809
33,810
1185,811
440,812
883,813
533,814
477,815
942,816
552,817
191,818
18,819
282,820
1154,821
147,822
293,823
41,824
665,825
1287,826
65,827
887,828
714,829
1122,830
676,831
954,832
1316,833
871,834
590,835
1159,836
886,837
222,838
790,839
605,840
614,841
173,842
780,843
964,844
1184,845
1328,846
587,847
207,848
1010,849
478,850
275,851
314,852
923,853
1052,854
76,855
982,856
852,857
1240,858
926,859
1003,860
654,861
1136,862
701,863
618,864
915,865
394,866
1202,867
518,868
829,869
1025,870
716,871
120,872
28,873
1017,874
295,875
1274,876
656,877
888,878
1305,879
647,880
215,881
990,882
979,883
733,884
1020,885
59,886
317,887
1056,888
801,889
397,890
669,891
550,892
1079,893
1101,894
767,895
634,896
202,897
520,898
570,899
345,900
441,901
774,902
29,903
973,904
425,905
1065,906
389,907
672,908
1258,909
1047,910
1166,911
1235,912
666,913
625,914
671,915
1089,916
387,917
1068,918
561,919
989,920
358,921
467,922
1107,923
567,924
1028,925
1281,926
285,927
804,928
291,929
825,930
1253,931
321,932
924,933
1335,934
870,935
421,936
1147,937
594,938
73,939
1276,940
925,941
1233,942
426,943
814,944
1014,945
303,946
863,947
1194,948
939,949
300,950
456,951
1116,952
1022,953
708,954
1125,955
443,956
935,957
1323,958
261,959
166,960
872,961
1197,962
623,963
547,964
987,965
326,966
459,967
955,968
948,969
1238,970
369,971
957,972
1232,973
903,974
1066,975
622,976
388,977
652,978
1229,979
490,980
1117,981
1244,982
928,983
143,984
254,985
1203,986
1,987
487,988
117,989
1264,990
778,991
793,992
1327,993
1251,994
1289,995
150,996
366,997
460,998
560,999
703,1000
1173,1001
23,1002
558,1003
1215,1004
344,1005
1138,1006
1216,1007
1220,1008
1224,1009
848,1010
1034,1011
146,1012
753,1013
640,1014
424,1015
1158,1016
637,1017
548,1018
879,1019
124,1020
1156,1021
1333,1022
599,1023
182,1024
71,1025
197,1026
399,1027
619,1028
296,1029
849,1030
1161,1031
156,1032
479,1033
566,1034
952,1035
921,1036
1072,1037
414,1038
1043,1039
1067,1040
1188,1041
509,1042
413,1043
315,1044
154,1045
144,1046
148,1047
453,1048
850,1049
401,1050
13,1051
404,1052
678,1053
240,1054
1231,1055
747,1056
895,1057
861,1058
620,1059
993,1060
713,1061
129,1062
785,1063
541,1064
1037,1065
500,1066
1168,1067
833,1068
868,1069
339,1070
719,1071
994,1072
616,1073
1106,1074
1084,1075
773,1076
687,1077
1218,1078
660,1079
653,1080
639,1081
423,1082
970,1083
1098,1084
11,1085
432,1086
658,1087
562,1088
853,1089
906,1090
512,1091
323,1092
204,1093
1042,1094
496,1095
233,1096
1119,1097
845,1098
40,1099
667,1100
333,1101
327,1102
1331,1103
755,1104
513,1105
668,1106
1078,1107
1189,1108
580,1109
111,1110
1053,1111
624,1112
482,1113
891,1114
865,1115
627,1116
1048,1117
584,1118
529,1119
107,1120
944,1121
1180,1122
1115,1123
1126,1124
462,1125
498,1126
734,1127
412,1128
1198,1129
221,1130
1165,1131
889,1132
1073,1133
539,1134
428,1135
770,1136
611,1137
168,1138
26,1139
757,1140
1040,1141
395,1142
546,1143
1077,1144
264,1145
963,1146
47,1147
1024,1148
949,1149
1304,1150
664,1151
1144,1152
965,1153
904,1154
177,1155
515,1156
681,1157
1092,1158
519,1159
1313,1160
1111,1161
526,1162
1306,1163
346,1164
283,1165
383,1166
1030,1167
82,1168
458,1169
837,1170
97,1171
709,1172
27,1173
710,1174
988,1175
1243,1176
543,1177
674,1178
56,1179
696,1180
555,1181
920,1182
180,1183
545,1184
502,1185
1134,1186
64,1187
884,1188
1211,1189
280,1190
194,1191
488,1192
1062,1193
878,1194
184,1195
1080,1196
1069,1197
1272,1198
1076,1199
538,1200
1208,1201
170,1202
1182,1203
68,1204
673,1205
897,1206
2,1207
794,1208
473,1209
662,1210
457,1211
909,1212
449,1213
241,1214
882,1215
342,1216
1074,1217
922,1218
1172,1219
157,1220
648,1221
359,1222
31,1223
481,1224
978,1225
1123,1226
435,1227
1225,1228
145,1229
14,1230
367,1231
242,1232
190,1233
670,1234
511,1235
911,1236
54,1237
732,1238
1219,1239
1029,1240
19,1241
579,1242
454,1243
99,1244
290,1245
234,1246
802,1247
1059,1248
37,1249
50,1250
951,1251
1284,1252
680,1253
636,1254
1329,1255
1269,1256
864,1257
775,1258
1239,1259
730,1260
1064,1261
1332,1262
103,1263
725,1264
606,1265
382,1266
507,1267
287,1268
1310,1269
651,1270
213,1271
218,1272
1199,1273
908,1274
446,1275
1280,1276
266,1277
586,1278
331,1279
312,1280
582,1281
430,1282
163,1283
1298,1284
363,1285
7,1286
1330,1287
629,1288
563,1289
1236,1290
319,1291
445,1292
838,1293
1196,1294
21,1295
410,1296
811,1297
598,1298
743,1299
525,1300
149,1301
613,1302
663,1303
1183,1304
527,1305
1128,1306
530,1307
828,1308
812,1309
1321,1310
93,1311
476,1312
1242,1313
357,1314
591,1315
360,1316
1273,1317
1286,1318
739,1319
236,1320
185,1321
1325,1322
1131,1323
302,1324
1190,1325
694,1326
795,1327
112,1328
489,1329
480,1330
1279,1331
169,1332
1263,1333
806,1334
193,1335
1186,1336
677,1337
